"","date","leaders","orgs","people","movs","medios","celebrities"
"1","2012-01-01","0.0000","0.0000","1.0000","0.0000","0.0","0.0000"
"2","2012-01-02","0.0000","0.0000","1.0000","0.0000","0.0","0.0000"
"3","2012-01-03","0.0000","0.0000","1.1250","0.0000","0.0","0.0000"
"4","2012-01-04","0.0000","0.0000","1.0000","0.0000","0.0","0.0000"
"5","2011-01-05","0.0000","0.0000","1.0000","0.0000","0.0","0.0000"
"6","2012-01-05","0.0000","0.0000","1.0000","0.0000","0.0","0.0000"
"7","2013-01-05","0.0000","0.0000","1.0000","0.0000","0.0","0.0000"
"8","2012-01-06","0.0000","0.0000","1.0000","1.0000","0.0","1.0000"
"9","2012-01-11","0.0000","0.0000","1.0000","0.0000","0.0","0.0000"
"10","2013-01-11","0.0000","0.0000","1.0000","0.0000","0.0","0.0000"
"11","2012-01-12","0.0000","0.0000","1.0000","0.0000","0.0","0.0000"
"12","2013-01-12","0.0000","0.0000","1.0000","0.0000","0.0","0.0000"
"13","2012-01-13","0.0000","0.0000","1.0000","0.0000","0.0","0.0000"
"14","2012-01-14","0.0000","0.0000","1.0000","0.0000","0.0","0.0000"
"15","2012-01-17","0.0000","0.0000","1.0000","0.0000","0.0","0.0000"
"16","2013-01-17","0.0000","0.0000","1.1290","0.0000","0.0","0.0000"
"17","2012-01-18","0.0000","0.0000","1.0000","0.0000","0.0","0.0000"
"18","2012-01-19","0.0000","0.0000","1.0000","0.0000","0.0","0.0000"
"19","2013-01-19","0.0000","0.0000","1.0000","0.0000","0.0","0.0000"
"20","2013-01-21","0.0000","0.0000","1.0000","0.0000","0.0","0.0000"
"21","2012-01-24","0.0000","0.0000","1.0000","0.0000","0.0","0.0000"
"22","2013-01-24","0.0000","0.0000","1.0000","0.0000","0.0","0.0000"
"23","2013-01-25","0.0000","0.0000","1.0000","0.0000","0.0","0.0000"
"24","2013-01-26","0.0000","0.0000","1.0000","0.0000","0.0","0.0000"
"25","2011-01-27","0.0000","0.0000","1.0000","0.0000","0.0","0.0000"
"26","2013-01-27","0.0000","0.0000","1.0000","0.0000","0.0","0.0000"
"27","2013-01-28","0.0000","0.0000","2.0000","0.0000","0.0","0.0000"
"28","2011-01-29","0.0000","0.0000","1.0000","0.0000","0.0","0.0000"
"29","2012-01-29","0.0000","0.0000","1.0000","0.0000","0.0","0.0000"
"30","2012-02-02","0.0000","0.0000","1.0000","0.0000","0.0","0.0000"
"31","2012-02-03","0.0000","0.0000","3.0000","0.0000","0.0","0.0000"
"32","2012-02-04","0.0000","0.0000","1.0000","0.0000","0.0","0.0000"
"33","2012-02-08","0.0000","0.0000","1.0000","0.0000","0.0","0.0000"
"34","2011-02-10","0.0000","0.0000","1.0000","0.0000","0.0","0.0000"
"35","2011-02-11","0.0000","0.0000","1.0000","0.0000","0.0","0.0000"
"36","2012-02-11","0.0000","0.0000","1.0000","0.0000","0.0","0.0000"
"37","2011-02-12","0.0000","0.0000","1.0000","0.0000","0.0","0.0000"
"38","2011-02-13","0.0000","0.0000","1.0000","0.0000","0.0","0.0000"
"39","2013-02-14","0.0000","0.0000","1.0000","0.0000","0.0","0.0000"
"40","2012-02-15","0.0000","0.0000","1.0000","0.0000","0.0","0.0000"
"41","2013-02-15","0.0000","0.0000","1.0000","0.0000","0.0","0.0000"
"42","2012-02-16","0.0000","0.0000","1.0000","0.0000","0.0","0.0000"
"43","2013-02-16","0.0000","0.0000","1.0000","0.0000","0.0","0.0000"
"44","2012-02-17","0.0000","0.0000","2.0000","0.0000","0.0","0.0000"
"45","2013-02-17","0.0000","0.0000","1.0000","0.0000","0.0","0.0000"
"46","2011-02-18","0.0000","0.0000","1.0000","0.0000","0.0","0.0000"
"47","2012-02-18","0.0000","0.0000","1.0000","0.0000","0.0","0.0000"
"48","2013-02-18","0.0000","0.0000","1.0000","0.0000","0.0","0.0000"
"49","2011-02-21","0.0000","0.0000","1.0000","0.0000","0.0","0.0000"
"50","2011-02-22","0.0000","0.0000","1.0000","0.0000","0.0","0.0000"
"51","2012-02-22","0.0000","0.0000","1.0000","0.0000","0.0","0.0000"
"52","2013-02-22","0.0000","0.0000","1.0000","0.0000","0.0","0.0000"
"53","2012-02-23","0.0000","0.0000","1.2500","0.0000","0.0","0.0000"
"54","2012-02-24","0.0000","0.0000","1.0000","0.0000","0.0","0.0000"
"55","2012-02-25","0.0000","0.0000","1.0000","0.0000","0.0","0.0000"
"56","2012-02-26","0.0000","0.0000","1.0000","0.0000","0.0","1.0000"
"57","2013-02-26","0.0000","0.0000","1.2000","0.0000","0.0","0.0000"
"58","2012-02-27","0.0000","0.0000","1.1250","0.0000","0.0","0.0000"
"59","2013-02-27","0.0000","0.0000","1.0000","0.0000","0.0","0.0000"
"60","2012-02-28","0.0000","0.0000","1.0000","0.0000","0.0","0.0000"
"61","2013-02-28","0.0000","0.0000","1.0000","0.0000","0.0","0.0000"
"62","2012-03-01","0.0000","0.0000","1.0000","0.0000","0.0","0.0000"
"63","2013-03-01","0.0000","0.0000","1.5652","1.5000","0.0","0.0000"
"64","2012-03-02","0.0000","0.0000","1.1538","0.0000","0.0","1.0000"
"65","2013-03-02","0.0000","0.0000","1.0000","0.0000","0.0","0.0000"
"66","2012-03-03","0.0000","0.0000","1.0000","0.0000","0.0","0.0000"
"67","2013-03-03","0.0000","0.0000","1.0000","0.0000","0.0","0.0000"
"68","2012-03-04","0.0000","0.0000","1.0000","1.0000","0.0","0.0000"
"69","2013-03-04","0.0000","0.0000","1.4444","1.0000","0.0","0.0000"
"70","2012-03-05","0.0000","0.0000","1.0526","0.0000","0.0","1.0000"
"71","2013-03-05","0.0000","0.0000","1.1000","0.0000","0.0","0.0000"
"72","2012-03-06","0.0000","0.0000","1.1600","0.0000","0.0","1.0000"
"73","2012-03-07","0.0000","0.0000","1.0000","0.0000","0.0","0.0000"
"74","2013-03-07","1.0000","0.0000","1.5714","0.0000","0.0","1.0000"
"75","2012-03-08","0.0000","0.0000","1.0000","0.0000","0.0","0.0000"
"76","2013-03-08","0.0000","0.0000","1.0000","0.0000","0.0","0.0000"
"77","2011-03-09","0.0000","0.0000","1.0000","0.0000","0.0","0.0000"
"78","2012-03-09","0.0000","0.0000","1.0000","0.0000","0.0","0.0000"
"79","2012-03-10","0.0000","0.0000","1.0000","0.0000","0.0","0.0000"
"80","2012-03-11","0.0000","0.0000","1.0000","0.0000","0.0","0.0000"
"81","2012-03-12","0.0000","0.0000","1.1111","0.0000","0.0","0.0000"
"82","2011-03-13","0.0000","0.0000","1.0000","0.0000","0.0","0.0000"
"83","2012-03-13","0.0000","0.0000","1.0000","0.0000","0.0","0.0000"
"84","2013-03-13","0.0000","0.0000","1.1250","0.0000","0.0","0.0000"
"85","2012-03-14","0.0000","0.0000","1.0000","0.0000","0.0","1.0000"
"86","2011-03-15","0.0000","0.0000","2.0000","0.0000","0.0","0.0000"
"87","2012-03-15","0.0000","0.0000","1.3846","1.6000","1.0","0.0000"
"88","2012-03-16","0.0000","0.0000","1.0541","0.0000","0.0","0.0000"
"89","2012-03-17","0.0000","0.0000","1.0000","0.0000","0.0","0.0000"
"90","2012-03-18","0.0000","0.0000","1.0000","0.0000","0.0","0.0000"
"91","2013-03-18","0.0000","0.0000","1.0000","0.0000","0.0","0.0000"
"92","2012-03-19","0.0000","0.0000","1.0000","0.0000","0.0","0.0000"
"93","2012-03-20","0.0000","0.0000","1.0000","0.0000","0.0","0.0000"
"94","2013-03-20","0.0000","0.0000","1.1667","0.0000","0.0","0.0000"
"95","2012-03-21","0.0000","0.0000","1.0000","0.0000","0.0","0.0000"
"96","2013-03-21","0.0000","0.0000","1.1111","0.0000","0.0","0.0000"
"97","2011-03-22","0.0000","0.0000","1.1111","0.0000","0.0","0.0000"
"98","2012-03-22","0.0000","0.0000","1.0000","0.0000","0.0","0.0000"
"99","2013-03-22","0.0000","0.0000","2.6667","0.0000","0.0","0.0000"
"100","2011-03-23","0.0000","0.0000","1.0000","0.0000","0.0","0.0000"
"101","2012-03-23","0.0000","0.0000","1.0000","0.0000","0.0","0.0000"
"102","2011-03-24","0.0000","0.0000","1.0000","0.0000","0.0","0.0000"
"103","2012-03-24","0.0000","0.0000","1.0000","0.0000","0.0","0.0000"
"104","2011-03-25","0.0000","0.0000","2.0000","0.0000","0.0","0.0000"
"105","2012-03-25","0.0000","0.0000","1.0000","0.0000","0.0","0.0000"
"106","2011-03-26","0.0000","0.0000","1.0000","0.0000","0.0","0.0000"
"107","2012-03-26","0.0000","0.0000","1.2000","0.0000","0.0","0.0000"
"108","2011-03-27","0.0000","0.0000","1.0000","0.0000","0.0","0.0000"
"109","2012-03-27","0.0000","0.0000","1.0000","0.0000","0.0","0.0000"
"110","2012-03-28","0.0000","0.0000","1.2500","0.0000","0.0","0.0000"
"111","2013-03-28","0.0000","0.0000","1.1143","1.0000","0.0","1.0000"
"112","2011-03-29","0.0000","0.0000","1.0000","0.0000","0.0","0.0000"
"113","2013-03-29","0.0000","0.0000","1.0000","1.0000","0.0","0.0000"
"114","2011-03-30","0.0000","0.0000","1.0000","0.0000","0.0","0.0000"
"115","2013-03-31","0.0000","0.0000","1.0000","0.0000","0.0","0.0000"
"116","2012-04-02","0.0000","0.0000","1.0000","0.0000","0.0","0.0000"
"117","2013-04-02","0.0000","0.0000","1.0000","0.0000","0.0","0.0000"
"118","2012-04-03","0.0000","0.0000","1.0000","0.0000","0.0","0.0000"
"119","2013-04-03","0.0000","0.0000","1.0000","0.0000","0.0","0.0000"
"120","2012-04-04","0.0000","0.0000","1.0000","0.0000","0.0","0.0000"
"121","2013-04-04","0.0000","0.0000","1.2500","0.0000","0.0","0.0000"
"122","2012-04-05","0.0000","0.0000","1.0000","0.0000","0.0","0.0000"
"123","2013-04-05","0.0000","0.0000","1.0000","0.0000","0.0","0.0000"
"124","2011-04-06","0.0000","0.0000","1.0000","0.0000","0.0","0.0000"
"125","2012-04-08","0.0000","0.0000","1.0000","0.0000","0.0","0.0000"
"126","2013-04-08","0.0000","0.0000","1.0000","0.0000","0.0","0.0000"
"127","2013-04-09","0.0000","0.0000","1.0714","0.0000","0.0","0.0000"
"128","2012-04-10","0.0000","0.0000","1.0000","0.0000","0.0","0.0000"
"129","2013-04-10","0.0000","0.0000","1.0000","0.0000","0.0","0.0000"
"130","2013-04-11","0.0000","1.0000","1.3214","1.0000","0.0","0.0000"
"131","2012-04-12","0.0000","0.0000","1.0000","0.0000","0.0","1.0000"
"132","2013-04-12","0.0000","0.0000","1.0000","0.0000","0.0","0.0000"
"133","2011-04-13","0.0000","0.0000","1.0000","0.0000","0.0","0.0000"
"134","2012-04-13","0.0000","0.0000","1.0000","0.0000","0.0","0.0000"
"135","2012-04-14","0.0000","0.0000","1.0000","0.0000","0.0","0.0000"
"136","2013-04-14","0.0000","0.0000","1.0000","0.0000","0.0","0.0000"
"137","2012-04-15","0.0000","0.0000","1.0000","0.0000","0.0","0.0000"
"138","2012-04-16","0.0000","0.0000","1.0000","0.0000","0.0","0.0000"
"139","2013-04-16","0.0000","0.0000","1.0000","0.0000","0.0","0.0000"
"140","2012-04-17","0.0000","0.0000","1.0000","0.0000","0.0","0.0000"
"141","2013-04-17","0.0000","0.0000","1.3333","0.0000","0.0","0.0000"
"142","2012-04-18","0.0000","0.0000","1.0000","0.0000","0.0","0.0000"
"143","2013-04-18","0.0000","0.0000","1.0690","0.0000","0.0","1.0000"
"144","2012-04-19","0.0000","0.0000","0.0000","1.0000","1.0","0.0000"
"145","2012-04-22","1.0000","0.0000","1.7647","2.0000","0.0","0.0000"
"146","2013-04-22","0.0000","0.0000","1.0000","0.0000","0.0","0.0000"
"147","2012-04-23","0.0000","0.0000","1.0000","0.0000","0.0","0.0000"
"148","2012-04-24","0.0000","0.0000","1.0000","0.0000","1.0","0.0000"
"149","2013-04-24","0.0000","0.0000","1.0000","0.0000","0.0","0.0000"
"150","2012-04-25","0.0000","0.0000","1.0909","0.0000","0.0","0.0000"
"151","2012-04-26","0.0000","0.0000","1.0000","0.0000","0.0","0.0000"
"152","2011-04-28","0.0000","0.0000","1.0000","0.0000","0.0","0.0000"
"153","2012-04-28","0.0000","0.0000","1.0000","0.0000","0.0","0.0000"
"154","2012-04-29","0.0000","0.0000","1.0000","0.0000","0.0","0.0000"
"155","2012-04-30","0.0000","0.0000","1.0000","0.0000","0.0","0.0000"
"156","2013-04-30","0.0000","0.0000","1.0000","0.0000","0.0","0.0000"
"157","2012-05-01","0.0000","0.0000","1.0000","0.0000","0.0","0.0000"
"158","2013-05-02","0.0000","0.0000","1.0000","0.0000","0.0","0.0000"
"159","2012-05-05","0.0000","0.0000","1.0000","0.0000","0.0","0.0000"
"160","2013-05-05","0.0000","0.0000","1.0000","0.0000","0.0","0.0000"
"161","2012-05-06","0.0000","0.0000","1.0000","0.0000","0.0","0.0000"
"162","2013-05-06","0.0000","0.0000","1.0000","0.0000","0.0","0.0000"
"163","2013-05-07","0.0000","0.0000","1.0000","0.0000","0.0","0.0000"
"164","2013-05-08","0.0000","0.0000","1.3125","1.0000","0.0","0.0000"
"165","2013-05-09","0.0000","0.0000","1.1250","0.0000","0.0","0.0000"
"166","2012-05-10","2.0000","0.0000","0.0000","0.0000","0.0","0.0000"
"167","2013-05-10","0.0000","0.0000","1.0000","0.0000","0.0","0.0000"
"168","2012-05-11","0.0000","0.0000","1.0000","0.0000","0.0","0.0000"
"169","2011-05-12","0.0000","0.0000","1.0000","0.0000","0.0","0.0000"
"170","2011-05-13","0.0000","0.0000","1.0000","0.0000","0.0","0.0000"
"171","2012-05-13","0.0000","0.0000","1.0000","0.0000","0.0","0.0000"
"172","2012-05-14","0.0000","0.0000","1.0000","1.0000","0.0","0.0000"
"173","2012-05-15","0.0000","0.0000","1.0000","0.0000","0.0","0.0000"
"174","2013-05-15","0.0000","0.0000","1.0000","0.0000","0.0","0.0000"
"175","2012-05-16","0.0000","1.0000","1.2083","0.0000","0.0","0.0000"
"176","2013-05-16","0.0000","0.0000","1.0769","1.0000","0.0","0.0000"
"177","2012-05-17","0.0000","0.0000","1.0000","0.0000","0.0","0.0000"
"178","2013-05-17","0.0000","0.0000","1.0000","0.0000","0.0","0.0000"
"179","2012-05-18","0.0000","0.0000","1.0000","0.0000","0.0","0.0000"
"180","2013-05-18","0.0000","0.0000","1.0000","0.0000","0.0","0.0000"
"181","2012-05-19","0.0000","0.0000","1.0000","0.0000","0.0","0.0000"
"182","2012-05-20","0.0000","0.0000","1.5000","0.0000","0.0","0.0000"
"183","2012-05-21","0.0000","0.0000","1.6000","0.0000","0.0","0.0000"
"184","2013-05-21","0.0000","0.0000","1.0000","0.0000","0.0","0.0000"
"185","2012-05-22","0.0000","0.0000","1.0000","0.0000","0.0","0.0000"
"186","2013-05-22","0.0000","0.0000","1.0000","0.0000","0.0","0.0000"
"187","2013-05-23","0.0000","0.0000","1.0000","0.0000","0.0","0.0000"
"188","2012-05-24","0.0000","0.0000","1.0000","0.0000","0.0","0.0000"
"189","2013-05-24","0.0000","0.0000","1.0000","0.0000","0.0","0.0000"
"190","2013-05-25","0.0000","0.0000","1.0000","0.0000","0.0","0.0000"
"191","2012-05-27","0.0000","0.0000","1.0000","0.0000","0.0","0.0000"
"192","2013-05-27","0.0000","0.0000","1.0833","0.0000","0.0","0.0000"
"193","2012-05-28","0.0000","0.0000","1.0000","0.0000","0.0","0.0000"
"194","2013-05-28","1.5000","2.0000","1.5029","1.1667","5.0","1.5000"
"195","2013-05-29","0.0000","0.0000","1.1818","2.0000","0.0","0.0000"
"196","2013-05-30","0.0000","0.0000","1.5000","0.0000","0.0","0.0000"
"197","2012-05-31","0.0000","0.0000","1.0000","0.0000","0.0","0.0000"
"198","2012-06-01","0.0000","0.0000","1.0154","1.0000","0.0","0.0000"
"199","2012-06-02","0.0000","0.0000","1.0000","0.0000","0.0","0.0000"
"200","2013-06-03","0.0000","0.0000","1.0000","1.0000","0.0","0.0000"
"201","2011-06-04","0.0000","0.0000","1.0000","0.0000","0.0","0.0000"
"202","2012-06-04","0.0000","0.0000","1.0000","0.0000","0.0","0.0000"
"203","2013-06-04","0.0000","0.0000","1.0000","0.0000","0.0","0.0000"
"204","2012-06-05","0.0000","0.0000","1.0000","0.0000","0.0","0.0000"
"205","2013-06-05","0.0000","0.0000","1.0000","1.0000","0.0","0.0000"
"206","2012-06-06","0.0000","0.0000","1.0000","0.0000","0.0","0.0000"
"207","2013-06-06","0.0000","0.0000","1.0000","1.0000","0.0","0.0000"
"208","2011-06-07","0.0000","0.0000","1.0000","0.0000","0.0","0.0000"
"209","2012-06-07","0.0000","0.0000","2.0000","0.0000","0.0","0.0000"
"210","2013-06-07","0.0000","0.0000","0.0000","1.5000","0.0","0.0000"
"211","2011-06-08","0.0000","0.0000","1.5000","0.0000","0.0","0.0000"
"212","2013-06-08","0.0000","0.0000","1.0000","0.0000","0.0","0.0000"
"213","2013-06-09","0.0000","0.0000","1.5000","0.0000","0.0","0.0000"
"214","2011-06-10","1.0000","0.0000","1.0000","0.0000","0.0","0.0000"
"215","2013-06-10","0.0000","0.0000","1.2222","0.0000","0.0","0.0000"
"216","2011-06-11","0.0000","0.0000","1.1250","0.0000","0.0","0.0000"
"217","2013-06-11","0.0000","0.0000","1.0000","0.0000","0.0","0.0000"
"218","2013-06-12","0.0000","0.0000","1.0000","0.0000","0.0","0.0000"
"219","2011-06-13","0.0000","0.0000","2.0000","0.0000","0.0","0.0000"
"220","2012-06-13","1.0000","0.0000","1.0000","0.0000","0.0","0.0000"
"221","2013-06-13","1.0000","0.0000","1.2871","1.0000","0.0","2.0000"
"222","2011-06-14","0.0000","0.0000","1.0000","0.0000","0.0","0.0000"
"223","2013-06-14","0.0000","1.0000","1.0988","1.0000","0.0","0.0000"
"224","2011-06-15","0.0000","0.0000","1.0714","0.0000","0.0","0.0000"
"225","2013-06-15","0.0000","0.0000","1.0000","1.0000","0.0","0.0000"
"226","2011-06-16","0.0000","0.0000","1.0000","0.0000","0.0","0.0000"
"227","2012-06-16","0.0000","0.0000","1.0000","0.0000","0.0","0.0000"
"228","2013-06-16","0.0000","0.0000","1.4000","0.0000","0.0","0.0000"
"229","2013-06-17","0.0000","0.0000","1.2000","0.0000","0.0","0.0000"
"230","2011-06-18","0.0000","0.0000","1.0000","0.0000","0.0","0.0000"
"231","2013-06-18","0.0000","0.0000","1.0000","0.0000","0.0","0.0000"
"232","2012-06-19","0.0000","0.0000","1.1429","0.0000","0.0","0.0000"
"233","2013-06-19","0.0000","0.0000","1.0000","0.0000","0.0","0.0000"
"234","2011-06-20","0.0000","0.0000","1.0000","0.0000","0.0","0.0000"
"235","2012-06-20","0.0000","0.0000","1.2222","0.0000","1.0","0.0000"
"236","2013-06-20","0.0000","0.0000","1.0741","1.0000","0.0","0.0000"
"237","2012-06-21","0.0000","0.0000","1.5000","0.0000","0.0","0.0000"
"238","2013-06-21","0.0000","0.0000","1.5000","0.0000","0.0","0.0000"
"239","2013-06-22","0.0000","0.0000","1.0000","0.0000","0.0","0.0000"
"240","2011-06-23","0.0000","0.0000","1.5000","0.0000","0.0","0.0000"
"241","2013-06-23","0.0000","0.0000","1.0000","0.0000","0.0","0.0000"
"242","2013-06-24","0.0000","0.0000","1.0000","0.0000","0.0","0.0000"
"243","2013-06-25","0.0000","0.0000","1.1364","0.0000","0.0","0.0000"
"244","2012-06-26","0.0000","0.0000","1.0000","0.0000","0.0","0.0000"
"245","2013-06-26","1.0000","0.0000","1.5417","0.0000","0.0","0.0000"
"246","2012-06-27","0.0000","0.0000","1.0000","0.0000","0.0","0.0000"
"247","2013-06-27","0.0000","1.0000","1.2741","2.0000","0.0","1.0000"
"248","2011-06-28","0.0000","0.0000","1.3333","0.0000","0.0","0.0000"
"249","2012-06-28","0.0000","0.0000","1.1154","0.0000","0.0","0.0000"
"250","2013-06-28","0.0000","0.0000","1.3793","1.0000","0.0","0.0000"
"251","2011-06-29","0.0000","1.0000","1.2857","0.0000","0.0","0.0000"
"252","2012-06-29","1.0000","0.0000","1.0833","0.0000","0.0","1.0000"
"253","2013-06-29","0.0000","0.0000","1.1250","0.0000","0.0","0.0000"
"254","2011-06-30","0.0000","0.0000","1.0000","0.0000","0.0","0.0000"
"255","2012-06-30","0.0000","0.0000","1.0000","0.0000","0.0","0.0000"
"256","2013-06-30","0.0000","0.0000","1.0000","0.0000","0.0","0.0000"
"257","2011-07-01","0.0000","0.0000","1.0000","0.0000","0.0","0.0000"
"258","2013-07-02","0.0000","0.0000","1.2000","0.0000","0.0","0.0000"
"259","2013-07-03","0.0000","0.0000","0.0000","1.0000","0.0","0.0000"
"260","2011-07-04","0.0000","0.0000","1.0000","0.0000","0.0","0.0000"
"261","2012-07-04","0.0000","0.0000","1.5000","0.0000","0.0","0.0000"
"262","2013-07-04","0.0000","0.0000","1.0000","0.0000","0.0","0.0000"
"263","2013-07-05","0.0000","0.0000","1.0000","0.0000","0.0","0.0000"
"264","2011-07-06","0.0000","0.0000","1.0000","0.0000","0.0","0.0000"
"265","2013-07-06","0.0000","0.0000","1.0000","0.0000","0.0","0.0000"
"266","2011-07-07","0.0000","0.0000","1.0000","0.0000","0.0","0.0000"
"267","2013-07-07","0.0000","0.0000","1.0000","0.0000","0.0","0.0000"
"268","2011-07-08","0.0000","0.0000","1.0000","0.0000","0.0","0.0000"
"269","2011-07-10","0.0000","0.0000","1.0000","0.0000","0.0","0.0000"
"270","2012-07-10","0.0000","0.0000","1.0000","0.0000","0.0","0.0000"
"271","2011-07-11","0.0000","0.0000","1.0000","0.0000","0.0","0.0000"
"272","2012-07-11","0.0000","0.0000","1.0000","0.0000","0.0","0.0000"
"273","2013-07-11","0.0000","0.0000","1.0000","0.0000","0.0","0.0000"
"274","2011-07-12","0.0000","0.0000","1.0000","0.0000","0.0","0.0000"
"275","2013-07-12","0.0000","0.0000","1.0000","0.0000","0.0","0.0000"
"276","2011-07-13","0.0000","0.0000","1.0000","0.0000","0.0","0.0000"
"277","2011-07-14","0.0000","0.0000","1.2857","0.0000","0.0","0.0000"
"278","2011-07-15","0.0000","0.0000","1.0000","0.0000","0.0","1.0000"
"279","2013-07-15","0.0000","0.0000","1.0000","0.0000","0.0","0.0000"
"280","2011-07-16","0.0000","0.0000","1.0000","0.0000","0.0","0.0000"
"281","2011-07-18","0.0000","0.0000","1.2857","0.0000","0.0","0.0000"
"282","2012-07-19","0.0000","0.0000","1.0000","0.0000","0.0","0.0000"
"283","2011-07-20","0.0000","0.0000","1.0000","0.0000","0.0","0.0000"
"284","2011-07-21","0.0000","0.0000","1.0000","0.0000","0.0","0.0000"
"285","2012-07-21","0.0000","0.0000","1.0000","0.0000","0.0","0.0000"
"286","2011-07-22","0.0000","0.0000","1.1250","2.0000","0.0","0.0000"
"287","2011-07-23","0.0000","0.0000","1.0000","0.0000","0.0","0.0000"
"288","2012-07-23","0.0000","0.0000","1.0000","0.0000","0.0","0.0000"
"289","2011-07-24","0.0000","0.0000","1.0000","0.0000","0.0","0.0000"
"290","2013-07-24","0.0000","0.0000","1.0000","0.0000","0.0","0.0000"
"291","2011-07-25","0.0000","0.0000","1.0000","0.0000","0.0","0.0000"
"292","2012-07-25","0.0000","0.0000","1.0000","0.0000","0.0","0.0000"
"293","2011-07-26","0.0000","0.0000","1.3333","0.0000","0.0","0.0000"
"294","2011-07-27","0.0000","0.0000","1.2000","0.0000","0.0","0.0000"
"295","2011-07-28","0.0000","0.0000","1.0000","0.0000","0.0","0.0000"
"296","2011-07-29","0.0000","0.0000","1.0000","0.0000","0.0","0.0000"
"297","2011-07-30","0.0000","0.0000","1.0000","0.0000","0.0","0.0000"
"298","2013-07-30","0.0000","0.0000","1.0000","0.0000","0.0","0.0000"
"299","2011-07-31","0.0000","0.0000","1.0000","0.0000","0.0","0.0000"
"300","2012-07-31","0.0000","0.0000","1.3333","0.0000","0.0","0.0000"
"301","2011-08-01","0.0000","0.0000","1.1333","0.0000","0.0","0.0000"
"302","2012-08-01","1.0000","1.6667","0.0000","1.7500","0.0","0.0000"
"303","2013-08-01","0.0000","0.0000","1.0000","0.0000","0.0","0.0000"
"304","2011-08-02","0.0000","0.0000","1.3636","0.0000","0.0","0.0000"
"305","2012-08-02","0.0000","0.0000","1.3125","0.0000","0.0","0.0000"
"306","2013-08-02","0.0000","0.0000","1.0000","0.0000","0.0","0.0000"
"307","2011-08-03","0.0000","0.0000","1.6190","2.0000","0.0","0.0000"
"308","2011-08-04","3.0000","0.0000","1.3512","3.5000","0.0","0.0000"
"309","2012-08-04","0.0000","0.0000","1.0000","0.0000","0.0","0.0000"
"310","2011-08-05","2.0000","0.0000","1.2784","1.0000","1.0","0.0000"
"311","2011-08-06","0.0000","0.0000","1.1795","1.0000","0.0","0.0000"
"312","2012-08-06","0.0000","0.0000","1.2500","0.0000","0.0","0.0000"
"313","2011-08-07","0.0000","0.0000","1.4118","0.0000","0.0","0.0000"
"314","2012-08-07","0.0000","0.0000","1.0000","0.0000","0.0","0.0000"
"315","2011-08-08","1.0000","0.0000","1.3438","3.0000","0.0","0.0000"
"316","2012-08-08","1.0000","3.6000","1.5619","2.9000","2.0","3.0000"
"317","2013-08-08","0.0000","0.0000","2.0000","0.0000","0.0","0.0000"
"318","2011-08-09","1.0000","0.0000","1.2444","1.5000","0.0","0.0000"
"319","2012-08-09","0.0000","0.0000","1.1667","0.0000","0.0","0.0000"
"320","2013-08-09","0.0000","0.0000","1.0000","0.0000","0.0","0.0000"
"321","2011-08-10","0.0000","0.0000","1.2619","0.0000","0.0","0.0000"
"322","2012-08-10","1.0000","0.0000","1.3696","1.0000","0.0","0.0000"
"323","2011-08-11","0.0000","0.0000","1.0800","3.0000","0.0","0.0000"
"324","2012-08-11","0.0000","2.0000","1.4444","1.0000","0.0","0.0000"
"325","2011-08-12","0.0000","0.0000","1.2857","1.0000","0.0","0.0000"
"326","2012-08-12","0.0000","0.0000","1.0000","0.0000","0.0","0.0000"
"327","2011-08-13","0.0000","0.0000","1.0000","0.0000","0.0","0.0000"
"328","2012-08-13","1.0000","2.0000","1.1818","1.2500","0.0","0.0000"
"329","2011-08-14","0.0000","0.0000","1.0870","1.0000","0.0","0.0000"
"330","2012-08-14","1.3333","0.0000","1.3205","1.0000","0.0","0.0000"
"331","2011-08-15","1.0000","0.0000","1.1667","1.0000","0.0","0.0000"
"332","2012-08-15","2.0000","0.0000","1.4265","1.0000","0.0","0.0000"
"333","2011-08-16","0.0000","0.0000","1.1111","1.0000","0.0","0.0000"
"334","2012-08-16","1.0000","2.0000","1.3723","1.6667","0.0","0.0000"
"335","2011-08-17","1.0000","0.0000","1.2500","1.3333","0.0","0.0000"
"336","2012-08-17","0.0000","1.0000","1.2357","1.0000","0.0","1.0000"
"337","2011-08-18","0.0000","0.0000","0.0000","1.5000","0.0","0.0000"
"338","2012-08-18","0.0000","0.0000","1.1042","1.0000","1.0","0.0000"
"339","2013-08-18","0.0000","0.0000","1.0000","0.0000","0.0","0.0000"
"340","2011-08-19","0.0000","0.0000","1.0345","1.0000","0.0","0.0000"
"341","2012-08-19","0.0000","1.0000","1.4225","0.0000","0.0","1.0000"
"342","2011-08-20","0.0000","0.0000","1.3077","0.0000","0.0","0.0000"
"343","2012-08-20","1.0000","0.0000","1.1457","3.0000","1.0","1.6667"
"344","2011-08-21","0.0000","0.0000","1.1429","1.0000","0.0","0.0000"
"345","2012-08-21","1.0000","1.0000","1.2632","1.0000","1.0","0.0000"
"346","2011-08-22","0.0000","0.0000","1.1176","0.0000","0.0","0.0000"
"347","2012-08-22","1.0000","2.0000","1.2579","1.0000","0.0","0.0000"
"348","2011-08-23","0.0000","0.0000","1.1600","0.0000","0.0","1.0000"
"349","2012-08-23","5.0000","2.0000","1.4132","2.2000","1.0","2.0000"
"350","2013-08-23","0.0000","0.0000","1.1667","0.0000","0.0","0.0000"
"351","2011-08-24","0.0000","0.0000","1.0952","0.0000","0.0","0.0000"
"352","2012-08-24","0.0000","0.0000","1.3613","2.0000","0.0","1.0000"
"353","2013-08-24","0.0000","0.0000","1.0000","0.0000","0.0","0.0000"
"354","2011-08-25","0.0000","0.0000","1.1053","1.0000","0.0","0.0000"
"355","2012-08-25","1.0000","0.0000","1.4340","4.5000","0.0","0.0000"
"356","2011-08-26","0.0000","0.0000","1.0185","1.0000","0.0","0.0000"
"357","2012-08-26","1.0000","1.0000","1.1860","0.0000","0.0","0.0000"
"358","2011-08-27","0.0000","0.0000","1.2500","4.0000","0.0","0.0000"
"359","2012-08-27","0.0000","1.0000","1.2667","2.0000","1.0","0.0000"
"360","2011-08-28","0.0000","0.0000","1.0000","1.0000","0.0","0.0000"
"361","2012-08-28","1.0000","1.5000","1.3154","1.5000","1.5","2.5000"
"362","2011-08-29","0.0000","0.0000","1.0000","0.0000","0.0","0.0000"
"363","2012-08-29","1.0000","0.0000","1.0357","0.0000","0.0","0.0000"
"364","2011-08-30","0.0000","0.0000","1.0000","0.0000","0.0","0.0000"
"365","2012-08-30","0.0000","0.0000","1.0952","1.0000","0.0","0.0000"
"366","2013-08-30","0.0000","0.0000","1.0000","0.0000","0.0","0.0000"
"367","2011-08-31","0.0000","0.0000","1.3333","0.0000","0.0","0.0000"
"368","2012-08-31","1.0000","0.0000","1.0952","0.0000","0.0","0.0000"
"369","2013-08-31","0.0000","0.0000","1.2222","1.0000","0.0","0.0000"
"370","2011-09-01","0.0000","0.0000","1.0000","0.0000","0.0","0.0000"
"371","2012-09-01","0.0000","0.0000","1.0000","0.0000","0.0","0.0000"
"372","2013-09-01","0.0000","0.0000","0.0000","1.0000","0.0","0.0000"
"373","2011-09-02","0.0000","0.0000","1.5000","0.0000","0.0","0.0000"
"374","2012-09-02","0.0000","0.0000","1.0000","0.0000","0.0","0.0000"
"375","2013-09-02","1.0000","0.0000","3.0000","0.0000","0.0","0.0000"
"376","2011-09-03","0.0000","0.0000","1.4175","1.0000","2.0","1.0000"
"377","2012-09-03","0.0000","0.0000","1.0000","0.0000","0.0","0.0000"
"378","2013-09-03","0.0000","0.0000","1.3333","0.0000","0.0","0.0000"
"379","2011-09-04","0.0000","0.0000","1.0857","0.0000","0.0","0.0000"
"380","2012-09-04","0.0000","2.0000","1.2941","2.0000","0.0","0.0000"
"381","2013-09-04","0.0000","0.0000","1.7500","1.0000","0.0","0.0000"
"382","2011-09-05","0.0000","0.0000","1.0000","0.0000","0.0","0.0000"
"383","2012-09-05","6.0000","0.0000","1.2679","1.0000","0.0","0.0000"
"384","2013-09-05","0.0000","0.0000","1.2041","0.0000","0.0","0.0000"
"385","2011-09-06","1.0000","0.0000","1.0000","0.0000","0.0","0.0000"
"386","2012-09-06","0.0000","0.0000","1.3333","0.0000","0.0","0.0000"
"387","2013-09-06","1.0000","0.0000","1.0000","0.0000","0.0","0.0000"
"388","2011-09-07","0.0000","0.0000","1.1250","0.0000","0.0","0.0000"
"389","2012-09-07","0.0000","0.0000","1.0435","0.0000","0.0","1.0000"
"390","2011-09-08","0.0000","0.0000","1.0000","0.0000","0.0","0.0000"
"391","2012-09-08","0.0000","0.0000","1.0000","0.0000","0.0","0.0000"
"392","2011-09-09","0.0000","0.0000","1.1429","0.0000","0.0","0.0000"
"393","2011-09-10","0.0000","0.0000","1.0000","0.0000","0.0","0.0000"
"394","2012-09-10","0.0000","0.0000","1.0000","1.0000","1.0","0.0000"
"395","2013-09-10","0.0000","0.0000","1.0000","0.0000","0.0","0.0000"
"396","2011-09-11","0.0000","0.0000","1.5000","0.0000","0.0","0.0000"
"397","2012-09-11","0.0000","0.0000","1.5000","0.0000","0.0","0.0000"
"398","2013-09-11","0.0000","0.0000","1.0000","0.0000","0.0","0.0000"
"399","2011-09-12","0.0000","0.0000","1.7778","0.0000","0.0","0.0000"
"400","2012-09-12","0.0000","0.0000","1.0000","0.0000","0.0","0.0000"
"401","2011-09-13","0.0000","0.0000","1.5000","0.0000","0.0","0.0000"
"402","2012-09-13","0.0000","0.0000","1.0909","0.0000","1.0","0.0000"
"403","2011-09-14","0.0000","0.0000","1.0968","0.0000","0.0","0.0000"
"404","2012-09-14","0.0000","0.0000","1.0000","0.0000","0.0","0.0000"
"405","2013-09-14","0.0000","0.0000","1.0000","0.0000","0.0","0.0000"
"406","2011-09-15","0.0000","0.0000","1.0000","0.0000","0.0","0.0000"
"407","2012-09-15","1.0000","0.0000","0.0000","0.0000","0.0","0.0000"
"408","2011-09-16","0.0000","0.0000","1.2308","2.0000","0.0","0.0000"
"409","2012-09-16","0.0000","0.0000","1.0000","0.0000","0.0","0.0000"
"410","2011-09-17","0.0000","0.0000","1.2727","0.0000","0.0","0.0000"
"411","2011-09-18","0.0000","0.0000","1.0294","0.0000","0.0","0.0000"
"412","2012-09-18","0.0000","0.0000","1.0000","0.0000","0.0","0.0000"
"413","2013-09-18","0.0000","0.0000","1.0000","0.0000","0.0","0.0000"
"414","2011-09-19","0.0000","0.0000","1.1750","1.0000","0.0","0.0000"
"415","2012-09-19","0.0000","0.0000","1.0000","1.0000","0.0","0.0000"
"416","2013-09-19","0.0000","0.0000","1.0000","0.0000","0.0","0.0000"
"417","2011-09-20","0.0000","0.0000","1.1053","0.0000","0.0","0.0000"
"418","2013-09-20","0.0000","0.0000","1.0000","0.0000","0.0","0.0000"
"419","2011-09-21","1.0000","0.0000","1.2376","0.0000","0.0","0.0000"
"420","2012-09-21","0.0000","0.0000","1.2500","0.0000","0.0","0.0000"
"421","2011-09-22","0.0000","0.0000","1.2265","1.0000","0.0","1.0000"
"422","2012-09-22","0.0000","0.0000","2.0000","0.0000","0.0","0.0000"
"423","2013-09-22","0.0000","0.0000","1.0000","0.0000","0.0","0.0000"
"424","2011-09-23","0.0000","0.0000","1.0312","0.0000","0.0","0.0000"
"425","2013-09-23","0.0000","0.0000","1.0000","0.0000","0.0","0.0000"
"426","2011-09-24","0.0000","0.0000","1.0000","0.0000","0.0","0.0000"
"427","2013-09-24","0.0000","0.0000","1.0000","0.0000","0.0","0.0000"
"428","2011-09-25","0.0000","0.0000","1.1429","0.0000","0.0","0.0000"
"429","2012-09-25","0.0000","0.0000","1.0000","0.0000","0.0","0.0000"
"430","2013-09-25","0.0000","0.0000","1.0000","0.0000","0.0","0.0000"
"431","2011-09-26","0.0000","0.0000","1.0625","1.0000","0.0","0.0000"
"432","2012-09-26","0.0000","0.0000","1.0000","0.0000","0.0","0.0000"
"433","2013-09-26","0.0000","0.0000","1.0000","0.0000","0.0","0.0000"
"434","2011-09-27","0.0000","0.0000","1.0000","0.0000","0.0","0.0000"
"435","2012-09-27","0.0000","1.0000","1.0571","0.0000","0.0","0.0000"
"436","2011-09-28","1.0000","0.0000","1.0690","0.0000","0.0","0.0000"
"437","2012-09-28","0.0000","0.0000","1.0000","0.0000","0.0","0.0000"
"438","2013-09-28","0.0000","0.0000","1.0000","0.0000","0.0","0.0000"
"439","2011-09-29","0.0000","0.0000","1.3617","4.0000","0.0","0.0000"
"440","2011-09-30","0.0000","0.0000","1.0000","0.0000","0.0","0.0000"
"441","2013-09-30","0.0000","0.0000","1.0000","0.0000","0.0","0.0000"
"442","2011-10-01","0.0000","0.0000","1.0000","0.0000","0.0","0.0000"
"443","2012-10-01","0.0000","0.0000","1.0000","0.0000","0.0","0.0000"
"444","2011-10-02","0.0000","0.0000","1.2000","0.0000","0.0","0.0000"
"445","2012-10-02","0.0000","0.0000","1.0000","0.0000","0.0","0.0000"
"446","2011-10-03","0.0000","0.0000","1.1429","0.0000","0.0","0.0000"
"447","2011-10-04","0.0000","0.0000","1.0000","0.0000","0.0","0.0000"
"448","2011-10-05","0.0000","0.0000","1.2857","0.0000","0.0","0.0000"
"449","2012-10-05","0.0000","0.0000","1.0833","0.0000","0.0","0.0000"
"450","2011-10-06","1.0000","0.0000","1.4740","2.5000","0.0","1.0000"
"451","2011-10-07","0.0000","0.0000","1.2794","0.0000","0.0","0.0000"
"452","2012-10-07","0.0000","0.0000","1.0000","0.0000","0.0","0.0000"
"453","2011-10-08","0.0000","0.0000","1.0625","0.0000","0.0","0.0000"
"454","2012-10-08","0.0000","0.0000","1.0000","0.0000","0.0","0.0000"
"455","2011-10-09","0.0000","0.0000","1.0000","0.0000","0.0","0.0000"
"456","2013-10-09","0.0000","0.0000","1.0000","0.0000","0.0","0.0000"
"457","2011-10-10","0.0000","0.0000","1.2500","0.0000","0.0","0.0000"
"458","2011-10-11","0.0000","0.0000","1.2222","0.0000","0.0","0.0000"
"459","2012-10-11","0.0000","0.0000","1.0000","0.0000","1.0","1.0000"
"460","2011-10-12","0.0000","0.0000","1.0833","0.0000","0.0","0.0000"
"461","2012-10-12","0.0000","0.0000","1.0000","0.0000","0.0","0.0000"
"462","2011-10-13","0.0000","0.0000","1.0270","0.0000","0.0","0.0000"
"463","2013-10-13","0.0000","0.0000","1.0000","0.0000","0.0","0.0000"
"464","2011-10-14","0.0000","0.0000","1.2222","0.0000","0.0","0.0000"
"465","2012-10-14","0.0000","0.0000","1.0000","0.0000","0.0","0.0000"
"466","2011-10-15","0.0000","0.0000","1.0000","0.0000","0.0","0.0000"
"467","2012-10-15","0.0000","0.0000","1.0000","0.0000","0.0","0.0000"
"468","2011-10-16","0.0000","0.0000","1.1111","0.0000","0.0","0.0000"
"469","2012-10-16","0.0000","0.0000","1.0000","0.0000","0.0","0.0000"
"470","2011-10-17","0.0000","0.0000","1.0000","0.0000","0.0","0.0000"
"471","2012-10-17","1.0000","0.0000","0.0000","0.0000","0.0","0.0000"
"472","2013-10-17","0.0000","0.0000","1.0000","0.0000","0.0","0.0000"
"473","2011-10-18","0.0000","0.0000","1.3721","1.0000","1.0","0.0000"
"474","2012-10-18","0.0000","0.0000","1.0000","0.0000","0.0","0.0000"
"475","2013-10-18","0.0000","0.0000","1.0000","0.0000","0.0","0.0000"
"476","2011-10-19","1.0000","0.0000","1.4516","0.0000","0.0","0.0000"
"477","2011-10-20","0.0000","0.0000","1.2917","0.0000","0.0","0.0000"
"478","2011-10-21","0.0000","0.0000","1.2581","0.0000","1.0","0.0000"
"479","2012-10-21","0.0000","0.0000","1.0000","0.0000","0.0","0.0000"
"480","2013-10-21","0.0000","0.0000","1.0000","0.0000","0.0","0.0000"
"481","2011-10-22","0.0000","0.0000","1.0000","0.0000","0.0","0.0000"
"482","2013-10-22","0.0000","0.0000","1.0000","0.0000","0.0","0.0000"
"483","2011-10-23","0.0000","0.0000","1.0000","0.0000","0.0","0.0000"
"484","2013-10-23","0.0000","0.0000","1.0000","0.0000","0.0","0.0000"
"485","2012-10-24","0.0000","0.0000","1.0000","1.0000","0.0","0.0000"
"486","2011-10-25","0.0000","0.0000","1.0000","0.0000","0.0","0.0000"
"487","2012-10-25","0.0000","0.0000","1.0000","0.0000","0.0","0.0000"
"488","2011-10-26","0.0000","0.0000","1.0000","0.0000","0.0","0.0000"
"489","2011-10-27","0.0000","0.0000","1.0833","0.0000","0.0","0.0000"
"490","2011-10-28","0.0000","1.0000","1.2353","0.0000","0.0","0.0000"
"491","2012-10-28","0.0000","0.0000","1.0000","0.0000","0.0","0.0000"
"492","2011-10-29","0.0000","0.0000","1.1429","0.0000","0.0","0.0000"
"493","2012-10-29","0.0000","0.0000","1.0000","0.0000","0.0","0.0000"
"494","2011-10-30","0.0000","0.0000","1.0000","0.0000","0.0","0.0000"
"495","2012-10-30","0.0000","0.0000","1.2857","0.0000","0.0","0.0000"
"496","2011-10-31","0.0000","0.0000","1.4000","0.0000","0.0","0.0000"
"497","2012-11-01","0.0000","0.0000","0.0000","1.0000","0.0","0.0000"
"498","2011-11-02","0.0000","0.0000","1.0000","0.0000","0.0","1.0000"
"499","2012-11-02","0.0000","0.0000","0.0000","2.0000","0.0","0.0000"
"500","2011-11-03","0.0000","0.0000","1.0833","0.0000","0.0","0.0000"
"501","2011-11-04","0.0000","0.0000","1.2000","0.0000","0.0","0.0000"
"502","2011-11-05","0.0000","0.0000","1.1020","1.0000","0.0","0.0000"
"503","2012-11-05","0.0000","0.0000","1.0000","0.0000","0.0","0.0000"
"504","2011-11-06","0.0000","0.0000","1.0870","0.0000","0.0","0.0000"
"505","2011-11-07","1.0000","0.0000","1.1667","1.0000","0.0","0.0000"
"506","2012-11-07","0.0000","0.0000","1.0000","0.0000","0.0","0.0000"
"507","2011-11-08","0.0000","0.0000","1.0200","1.0000","0.0","0.0000"
"508","2011-11-09","0.0000","0.0000","1.2727","0.0000","0.0","0.0000"
"509","2012-11-09","0.0000","0.0000","1.0000","0.0000","0.0","0.0000"
"510","2011-11-10","0.0000","0.0000","1.0455","0.0000","0.0","0.0000"
"511","2012-11-10","0.0000","0.0000","1.0000","0.0000","0.0","0.0000"
"512","2011-11-11","0.0000","0.0000","1.0000","0.0000","0.0","0.0000"
"513","2012-11-11","0.0000","0.0000","1.0000","0.0000","0.0","0.0000"
"514","2011-11-12","0.0000","0.0000","1.0000","0.0000","0.0","0.0000"
"515","2011-11-13","0.0000","0.0000","1.0000","0.0000","0.0","0.0000"
"516","2012-11-13","0.0000","0.0000","1.0000","0.0000","0.0","0.0000"
"517","2011-11-14","0.0000","0.0000","1.0000","0.0000","0.0","0.0000"
"518","2011-11-15","0.0000","0.0000","1.0000","0.0000","0.0","0.0000"
"519","2011-11-16","0.0000","0.0000","1.0000","0.0000","0.0","0.0000"
"520","2011-11-17","0.0000","0.0000","1.0714","0.0000","0.0","0.0000"
"521","2011-11-18","0.0000","0.0000","1.0556","0.0000","0.0","0.0000"
"522","2011-11-20","0.0000","0.0000","1.0000","0.0000","0.0","0.0000"
"523","2012-11-20","0.0000","0.0000","1.0000","0.0000","0.0","0.0000"
"524","2011-11-21","0.0000","0.0000","1.0000","0.0000","0.0","0.0000"
"525","2012-11-21","0.0000","0.0000","1.0000","0.0000","0.0","0.0000"
"526","2011-11-22","0.0000","0.0000","1.0000","0.0000","0.0","0.0000"
"527","2012-11-22","0.0000","0.0000","1.0000","0.0000","0.0","0.0000"
"528","2011-11-23","0.0000","0.0000","1.2000","0.0000","0.0","0.0000"
"529","2012-11-23","0.0000","0.0000","0.0000","1.0000","0.0","0.0000"
"530","2011-11-24","0.0000","0.0000","1.2963","1.0000","0.0","0.0000"
"531","2011-11-25","0.0000","0.0000","0.0000","1.0000","0.0","0.0000"
"532","2011-11-26","0.0000","0.0000","1.0000","0.0000","0.0","0.0000"
"533","2012-11-27","0.0000","0.0000","1.0000","0.0000","0.0","0.0000"
"534","2011-11-28","0.0000","0.0000","1.0000","0.0000","0.0","0.0000"
"535","2012-11-28","0.0000","0.0000","1.0000","0.0000","0.0","0.0000"
"536","2011-11-29","0.0000","0.0000","1.0000","0.0000","0.0","0.0000"
"537","2011-11-30","0.0000","0.0000","1.0000","0.0000","0.0","0.0000"
"538","2011-12-02","0.0000","0.0000","1.0000","0.0000","0.0","0.0000"
"539","2012-12-02","0.0000","0.0000","1.0000","0.0000","0.0","0.0000"
"540","2011-12-03","0.0000","0.0000","1.2500","0.0000","0.0","0.0000"
"541","2012-12-03","0.0000","0.0000","1.0000","0.0000","0.0","0.0000"
"542","2011-12-04","0.0000","0.0000","1.0000","0.0000","0.0","0.0000"
"543","2011-12-06","0.0000","0.0000","1.0000","0.0000","0.0","0.0000"
"544","2011-12-07","0.0000","0.0000","1.2222","0.0000","0.0","0.0000"
"545","2012-12-07","0.0000","0.0000","0.0000","1.0000","0.0","1.0000"
"546","2011-12-08","0.0000","0.0000","1.0000","0.0000","0.0","0.0000"
"547","2011-12-09","0.0000","0.0000","2.5000","0.0000","0.0","0.0000"
"548","2012-12-10","0.0000","0.0000","1.0000","0.0000","0.0","0.0000"
"549","2011-12-11","0.0000","0.0000","1.0000","0.0000","0.0","0.0000"
"550","2011-12-13","0.0000","0.0000","1.0000","0.0000","0.0","0.0000"
"551","2012-12-13","0.0000","0.0000","1.0000","0.0000","0.0","0.0000"
"552","2011-12-14","0.0000","0.0000","1.0000","0.0000","0.0","0.0000"
"553","2011-12-15","0.0000","0.0000","1.0000","0.0000","0.0","0.0000"
"554","2011-12-16","0.0000","0.0000","1.0000","0.0000","0.0","0.0000"
"555","2012-12-16","0.0000","0.0000","1.0000","0.0000","0.0","0.0000"
"556","2011-12-17","0.0000","0.0000","1.0000","0.0000","0.0","0.0000"
"557","2011-12-19","0.0000","0.0000","0.0000","0.0000","0.0","1.0000"
"558","2011-12-20","0.0000","0.0000","1.0000","0.0000","0.0","0.0000"
"559","2011-12-22","0.0000","0.0000","1.0000","0.0000","0.0","0.0000"
"560","2012-12-22","0.0000","0.0000","1.0000","0.0000","0.0","0.0000"
"561","2011-12-25","0.0000","0.0000","1.0000","0.0000","0.0","0.0000"
"562","2012-12-26","0.0000","0.0000","1.0000","1.0000","0.0","0.0000"
"563","2011-12-28","0.0000","0.0000","1.0000","0.0000","0.0","0.0000"
"564","2012-12-28","0.0000","0.0000","1.0000","0.0000","0.0","0.0000"
"565","2011-12-29","0.0000","0.0000","1.0000","0.0000","0.0","0.0000"
"566","2011-12-31","0.0000","0.0000","1.3333","0.0000","0.0","0.0000"
"567","2012-12-31","0.0000","0.0000","1.0000","0.0000","0.0","0.0000"
