"","date","time","type","count","datetime"
"1",2012-05-16,"03:49:01","people",0,2012-05-16 03:49:01
"2",2012-09-06,"01:23:11","celebrities",0,2012-09-06 01:23:11
"3",2012-09-06,"01:24:28","people",1,2012-09-06 01:24:28
"4",2013-06-15,"23:50:27","people",2,2013-06-15 23:50:27
"5",2013-06-18,"04:46:13","people",3,2013-06-18 04:46:13
"6",2013-06-18,"05:03:44","people",4,2013-06-18 05:03:44
"7",2013-06-18,"14:30:53","people",5,2013-06-18 14:30:53
"8",2013-06-21,"22:16:00","people",6,2013-06-21 22:16:00
"9",2013-06-23,"04:42:26","people",7,2013-06-23 04:42:26
"10",2013-06-23,"14:45:41","people",8,2013-06-23 14:45:41
"11",2013-06-24,"00:44:08","people",9,2013-06-24 00:44:08
"12",2013-06-24,"02:01:52","people",10,2013-06-24 02:01:52
"13",2013-06-24,"03:13:27","people",11,2013-06-24 03:13:27
"14",2013-06-24,"03:15:37","people",12,2013-06-24 03:15:37
"15",2013-06-24,"15:00:46","people",13,2013-06-24 15:00:46
"16",2013-06-24,"15:41:48","people",14,2013-06-24 15:41:48
"17",2013-06-24,"16:28:32","people",15,2013-06-24 16:28:32
"18",2013-06-24,"23:38:26","people",16,2013-06-24 23:38:26
"19",2013-06-25,"00:49:49","people",17,2013-06-25 00:49:49
"20",2013-06-25,"01:50:13","people",18,2013-06-25 01:50:13
"21",2013-06-25,"02:50:46","people",19,2013-06-25 02:50:46
"22",2013-06-25,"12:58:08","people",20,2013-06-25 12:58:08
"23",2013-06-25,"13:04:08","people",21,2013-06-25 13:04:08
"24",2013-06-25,"14:05:55","people",22,2013-06-25 14:05:55
"25",2013-06-25,"14:43:39","people",23,2013-06-25 14:43:39
"26",2013-06-25,"15:00:12","people",24,2013-06-25 15:00:12
"27",2013-06-25,"15:15:06","movs",0,2013-06-25 15:15:06
"28",2013-06-25,"15:22:23","leaders",0,2013-06-25 15:22:23
"29",2013-06-25,"17:50:51","people",25,2013-06-25 17:50:51
"30",2013-06-25,"18:07:57","people",26,2013-06-25 18:07:57
"31",2013-06-25,"18:30:32","people",27,2013-06-25 18:30:32
"32",2013-06-25,"20:58:56","people",28,2013-06-25 20:58:56
"33",2013-06-25,"21:21:58","leaders",1,2013-06-25 21:21:58
"34",2013-06-25,"21:22:52","leaders",2,2013-06-25 21:22:52
"35",2013-06-25,"21:56:45","people",29,2013-06-25 21:56:45
"36",2013-06-25,"22:13:31","people",30,2013-06-25 22:13:31
"37",2013-06-25,"22:14:37","people",31,2013-06-25 22:14:37
"38",2013-06-25,"22:24:28","people",32,2013-06-25 22:24:28
"39",2013-06-25,"22:24:32","people",33,2013-06-25 22:24:32
"40",2013-06-25,"22:27:33","people",34,2013-06-25 22:27:33
"41",2013-06-25,"23:17:49","people",35,2013-06-25 23:17:49
"42",2013-06-25,"23:22:01","people",36,2013-06-25 23:22:01
"43",2013-06-25,"23:27:27","people",37,2013-06-25 23:27:27
"44",2013-06-25,"23:33:58","people",38,2013-06-25 23:33:58
"45",2013-06-25,"23:35:35","people",39,2013-06-25 23:35:35
"46",2013-06-25,"23:51:04","people",40,2013-06-25 23:51:04
"47",2013-06-25,"23:53:10","people",41,2013-06-25 23:53:10
"48",2013-06-25,"23:55:44","people",42,2013-06-25 23:55:44
"49",2013-06-25,"23:58:54","people",43,2013-06-25 23:58:54
"50",2013-06-26,"00:03:28","people",44,2013-06-26 00:03:28
"51",2013-06-26,"00:05:42","people",45,2013-06-26 00:05:42
"52",2013-06-26,"00:09:27","people",46,2013-06-26 00:09:27
"53",2013-06-26,"00:26:42","people",47,2013-06-26 00:26:42
"54",2013-06-26,"00:28:00","people",48,2013-06-26 00:28:00
"55",2013-06-26,"00:28:41","people",49,2013-06-26 00:28:41
"56",2013-06-26,"00:31:55","people",50,2013-06-26 00:31:55
"57",2013-06-26,"00:34:10","people",51,2013-06-26 00:34:10
"58",2013-06-26,"00:44:18","people",52,2013-06-26 00:44:18
"59",2013-06-26,"01:13:33","people",53,2013-06-26 01:13:33
"60",2013-06-26,"01:24:23","people",54,2013-06-26 01:24:23
"61",2013-06-26,"01:24:59","people",55,2013-06-26 01:24:59
"62",2013-06-26,"01:38:26","people",56,2013-06-26 01:38:26
"63",2013-06-26,"01:52:24","people",57,2013-06-26 01:52:24
"64",2013-06-26,"02:01:54","people",58,2013-06-26 02:01:54
"65",2013-06-26,"02:33:36","people",59,2013-06-26 02:33:36
"66",2013-06-26,"02:33:40","people",60,2013-06-26 02:33:40
"67",2013-06-26,"02:53:32","people",61,2013-06-26 02:53:32
"68",2013-06-26,"02:59:02","people",62,2013-06-26 02:59:02
"69",2013-06-26,"03:01:49","people",63,2013-06-26 03:01:49
"70",2013-06-26,"03:05:19","people",64,2013-06-26 03:05:19
"71",2013-06-26,"03:09:10","people",65,2013-06-26 03:09:10
"72",2013-06-26,"03:31:44","people",66,2013-06-26 03:31:44
"73",2013-06-26,"03:32:53","people",67,2013-06-26 03:32:53
"74",2013-06-26,"04:32:29","people",68,2013-06-26 04:32:29
"75",2013-06-26,"04:41:04","people",69,2013-06-26 04:41:04
"76",2013-06-26,"04:57:28","people",70,2013-06-26 04:57:28
"77",2013-06-26,"06:15:51","people",71,2013-06-26 06:15:51
"78",2013-06-26,"06:46:40","people",72,2013-06-26 06:46:40
"79",2013-06-26,"11:20:01","people",73,2013-06-26 11:20:01
"80",2013-06-26,"11:35:17","people",74,2013-06-26 11:35:17
"81",2013-06-26,"12:50:37","people",75,2013-06-26 12:50:37
"82",2013-06-26,"12:56:35","people",76,2013-06-26 12:56:35
"83",2013-06-26,"12:59:28","people",77,2013-06-26 12:59:28
"84",2013-06-26,"13:00:43","people",78,2013-06-26 13:00:43
"85",2013-06-26,"13:06:59","people",79,2013-06-26 13:06:59
"86",2013-06-26,"13:23:14","people",80,2013-06-26 13:23:14
"87",2013-06-26,"13:27:51","leaders",3,2013-06-26 13:27:51
"88",2013-06-26,"13:28:11","people",81,2013-06-26 13:28:11
"89",2013-06-26,"13:28:13","people",82,2013-06-26 13:28:13
"90",2013-06-26,"13:28:33","people",83,2013-06-26 13:28:33
"91",2013-06-26,"13:28:38","people",84,2013-06-26 13:28:38
"92",2013-06-26,"13:28:39","people",85,2013-06-26 13:28:39
"93",2013-06-26,"13:28:47","media",0,2013-06-26 13:28:47
"94",2013-06-26,"13:28:51","people",86,2013-06-26 13:28:51
"95",2013-06-26,"13:29:04","people",87,2013-06-26 13:29:04
"96",2013-06-26,"13:29:10","people",88,2013-06-26 13:29:10
"97",2013-06-26,"13:29:11","people",89,2013-06-26 13:29:11
"98",2013-06-26,"13:29:27","people",90,2013-06-26 13:29:27
"99",2013-06-26,"13:29:51","people",91,2013-06-26 13:29:51
"100",2013-06-26,"13:30:04","people",92,2013-06-26 13:30:04
"101",2013-06-26,"13:30:09","people",93,2013-06-26 13:30:09
"102",2013-06-26,"13:30:11","people",94,2013-06-26 13:30:11
"103",2013-06-26,"13:30:39","people",95,2013-06-26 13:30:39
"104",2013-06-26,"13:30:45","people",96,2013-06-26 13:30:45
"105",2013-06-26,"13:30:49","people",97,2013-06-26 13:30:49
"106",2013-06-26,"13:30:57","people",98,2013-06-26 13:30:57
"107",2013-06-26,"13:31:44","people",99,2013-06-26 13:31:44
"108",2013-06-26,"13:32:28","people",100,2013-06-26 13:32:28
"109",2013-06-26,"13:32:38","people",101,2013-06-26 13:32:38
"110",2013-06-26,"13:33:16","people",102,2013-06-26 13:33:16
"111",2013-06-26,"13:34:22","leaders",4,2013-06-26 13:34:22
"112",2013-06-26,"13:35:13","people",103,2013-06-26 13:35:13
"113",2013-06-26,"13:35:27","people",104,2013-06-26 13:35:27
"114",2013-06-26,"13:35:33","people",105,2013-06-26 13:35:33
"115",2013-06-26,"13:40:42","people",106,2013-06-26 13:40:42
"116",2013-06-26,"13:41:03","people",107,2013-06-26 13:41:03
"117",2013-06-26,"13:42:13","people",108,2013-06-26 13:42:13
"118",2013-06-26,"13:43:26","movs",1,2013-06-26 13:43:26
"119",2013-06-26,"13:43:34","people",109,2013-06-26 13:43:34
"120",2013-06-26,"13:43:48","people",110,2013-06-26 13:43:48
"121",2013-06-26,"13:43:57","people",111,2013-06-26 13:43:57
"122",2013-06-26,"13:44:06","people",112,2013-06-26 13:44:06
"123",2013-06-26,"13:44:27","people",113,2013-06-26 13:44:27
"124",2013-06-26,"13:45:30","people",114,2013-06-26 13:45:30
"125",2013-06-26,"13:46:22","people",115,2013-06-26 13:46:22
"126",2013-06-26,"13:49:47","people",116,2013-06-26 13:49:47
"127",2013-06-26,"13:50:58","people",117,2013-06-26 13:50:58
"128",2013-06-26,"13:53:55","people",118,2013-06-26 13:53:55
"129",2013-06-26,"13:54:26","people",119,2013-06-26 13:54:26
"130",2013-06-26,"13:54:34","people",120,2013-06-26 13:54:34
"131",2013-06-26,"13:55:34","people",121,2013-06-26 13:55:34
"132",2013-06-26,"13:57:10","people",122,2013-06-26 13:57:10
"133",2013-06-26,"13:57:33","people",123,2013-06-26 13:57:33
"134",2013-06-26,"13:59:22","people",124,2013-06-26 13:59:22
"135",2013-06-26,"14:00:26","people",125,2013-06-26 14:00:26
"136",2013-06-26,"14:00:32","people",126,2013-06-26 14:00:32
"137",2013-06-26,"14:01:53","people",127,2013-06-26 14:01:53
"138",2013-06-26,"14:02:47","people",128,2013-06-26 14:02:47
"139",2013-06-26,"14:03:42","people",129,2013-06-26 14:03:42
"140",2013-06-26,"14:04:04","people",130,2013-06-26 14:04:04
"141",2013-06-26,"14:05:33","people",131,2013-06-26 14:05:33
"142",2013-06-26,"14:08:59","people",132,2013-06-26 14:08:59
"143",2013-06-26,"14:09:26","people",133,2013-06-26 14:09:26
"144",2013-06-26,"14:13:03","people",134,2013-06-26 14:13:03
"145",2013-06-26,"14:15:12","media",1,2013-06-26 14:15:12
"146",2013-06-26,"14:16:32","people",135,2013-06-26 14:16:32
"147",2013-06-26,"14:17:57","people",136,2013-06-26 14:17:57
"148",2013-06-26,"14:18:06","people",137,2013-06-26 14:18:06
"149",2013-06-26,"14:18:08","people",138,2013-06-26 14:18:08
"150",2013-06-26,"14:18:12","people",139,2013-06-26 14:18:12
"151",2013-06-26,"14:18:57","people",140,2013-06-26 14:18:57
"152",2013-06-26,"14:19:31","people",141,2013-06-26 14:19:31
"153",2013-06-26,"14:20:06","people",142,2013-06-26 14:20:06
"154",2013-06-26,"14:20:41","people",143,2013-06-26 14:20:41
"155",2013-06-26,"14:21:06","people",144,2013-06-26 14:21:06
"156",2013-06-26,"14:21:30","people",145,2013-06-26 14:21:30
"157",2013-06-26,"14:21:53","people",146,2013-06-26 14:21:53
"158",2013-06-26,"14:22:49","people",147,2013-06-26 14:22:49
"159",2013-06-26,"14:24:59","people",148,2013-06-26 14:24:59
"160",2013-06-26,"14:30:20","people",149,2013-06-26 14:30:20
"161",2013-06-26,"14:30:30","people",150,2013-06-26 14:30:30
"162",2013-06-26,"14:30:55","people",151,2013-06-26 14:30:55
"163",2013-06-26,"14:39:08","people",152,2013-06-26 14:39:08
"164",2013-06-26,"14:41:21","people",153,2013-06-26 14:41:21
"165",2013-06-26,"14:41:56","people",154,2013-06-26 14:41:56
"166",2013-06-26,"14:43:28","people",155,2013-06-26 14:43:28
"167",2013-06-26,"14:48:14","people",156,2013-06-26 14:48:14
"168",2013-06-26,"14:51:54","people",157,2013-06-26 14:51:54
"169",2013-06-26,"14:53:45","people",158,2013-06-26 14:53:45
"170",2013-06-26,"15:00:38","people",159,2013-06-26 15:00:38
"171",2013-06-26,"15:01:06","people",160,2013-06-26 15:01:06
"172",2013-06-26,"15:02:34","people",161,2013-06-26 15:02:34
"173",2013-06-26,"15:02:57","people",162,2013-06-26 15:02:57
"174",2013-06-26,"15:03:53","people",163,2013-06-26 15:03:53
"175",2013-06-26,"15:04:36","people",164,2013-06-26 15:04:36
"176",2013-06-26,"15:05:30","people",165,2013-06-26 15:05:30
"177",2013-06-26,"15:09:39","people",166,2013-06-26 15:09:39
"178",2013-06-26,"15:13:34","people",167,2013-06-26 15:13:34
"179",2013-06-26,"15:31:42","people",168,2013-06-26 15:31:42
"180",2013-06-26,"15:36:18","people",169,2013-06-26 15:36:18
"181",2013-06-26,"15:55:34","people",170,2013-06-26 15:55:34
"182",2013-06-26,"15:55:46","orgs",0,2013-06-26 15:55:46
"183",2013-06-26,"15:56:14","movs",2,2013-06-26 15:56:14
"184",2013-06-26,"15:56:31","people",171,2013-06-26 15:56:31
"185",2013-06-26,"15:57:04","people",172,2013-06-26 15:57:04
"186",2013-06-26,"15:57:08","people",173,2013-06-26 15:57:08
"187",2013-06-26,"15:58:28","people",174,2013-06-26 15:58:28
"188",2013-06-26,"15:58:51","people",175,2013-06-26 15:58:51
"189",2013-06-26,"15:59:55","people",176,2013-06-26 15:59:55
"190",2013-06-26,"16:01:44","people",177,2013-06-26 16:01:44
"191",2013-06-26,"16:02:04","people",178,2013-06-26 16:02:04
"192",2013-06-26,"16:02:58","people",179,2013-06-26 16:02:58
"193",2013-06-26,"16:04:03","people",180,2013-06-26 16:04:03
"194",2013-06-26,"16:05:23","people",181,2013-06-26 16:05:23
"195",2013-06-26,"16:05:32","celebrities",1,2013-06-26 16:05:32
"196",2013-06-26,"16:06:35","people",182,2013-06-26 16:06:35
"197",2013-06-26,"16:08:24","people",183,2013-06-26 16:08:24
"198",2013-06-26,"16:09:22","people",184,2013-06-26 16:09:22
"199",2013-06-26,"16:09:25","people",185,2013-06-26 16:09:25
"200",2013-06-26,"16:09:33","people",186,2013-06-26 16:09:33
"201",2013-06-26,"16:09:40","people",187,2013-06-26 16:09:40
"202",2013-06-26,"16:10:11","media",2,2013-06-26 16:10:11
"203",2013-06-26,"16:10:33","people",188,2013-06-26 16:10:33
"204",2013-06-26,"16:11:16","people",189,2013-06-26 16:11:16
"205",2013-06-26,"16:12:16","people",190,2013-06-26 16:12:16
"206",2013-06-26,"16:12:41","people",191,2013-06-26 16:12:41
"207",2013-06-26,"16:12:50","people",192,2013-06-26 16:12:50
"208",2013-06-26,"16:14:29","people",193,2013-06-26 16:14:29
"209",2013-06-26,"16:16:19","people",194,2013-06-26 16:16:19
"210",2013-06-26,"16:17:07","people",195,2013-06-26 16:17:07
"211",2013-06-26,"16:19:11","people",196,2013-06-26 16:19:11
"212",2013-06-26,"16:19:17","people",197,2013-06-26 16:19:17
"213",2013-06-26,"16:20:16","people",198,2013-06-26 16:20:16
"214",2013-06-26,"16:20:26","people",199,2013-06-26 16:20:26
"215",2013-06-26,"16:21:08","people",200,2013-06-26 16:21:08
"216",2013-06-26,"16:23:26","people",201,2013-06-26 16:23:26
"217",2013-06-26,"16:25:30","people",202,2013-06-26 16:25:30
"218",2013-06-26,"16:26:53","people",203,2013-06-26 16:26:53
"219",2013-06-26,"16:27:22","people",204,2013-06-26 16:27:22
"220",2013-06-26,"16:27:43","people",205,2013-06-26 16:27:43
"221",2013-06-26,"16:29:17","people",206,2013-06-26 16:29:17
"222",2013-06-26,"16:41:15","people",207,2013-06-26 16:41:15
"223",2013-06-26,"16:43:23","people",208,2013-06-26 16:43:23
"224",2013-06-26,"16:45:32","people",209,2013-06-26 16:45:32
"225",2013-06-26,"16:48:42","people",210,2013-06-26 16:48:42
"226",2013-06-26,"16:49:31","media",3,2013-06-26 16:49:31
"227",2013-06-26,"16:50:43","people",211,2013-06-26 16:50:43
"228",2013-06-26,"16:51:22","people",212,2013-06-26 16:51:22
"229",2013-06-26,"16:54:30","people",213,2013-06-26 16:54:30
"230",2013-06-26,"16:59:40","media",4,2013-06-26 16:59:40
"231",2013-06-26,"17:01:10","people",214,2013-06-26 17:01:10
"232",2013-06-26,"17:02:25","media",5,2013-06-26 17:02:25
"233",2013-06-26,"17:02:33","movs",3,2013-06-26 17:02:33
"234",2013-06-26,"17:04:14","people",215,2013-06-26 17:04:14
"235",2013-06-26,"17:04:40","people",216,2013-06-26 17:04:40
"236",2013-06-26,"17:06:06","people",217,2013-06-26 17:06:06
"237",2013-06-26,"17:08:54","people",218,2013-06-26 17:08:54
"238",2013-06-26,"17:08:59","media",6,2013-06-26 17:08:59
"239",2013-06-26,"17:09:19","people",219,2013-06-26 17:09:19
"240",2013-06-26,"17:11:26","people",220,2013-06-26 17:11:26
"241",2013-06-26,"17:12:35","people",221,2013-06-26 17:12:35
"242",2013-06-26,"17:12:36","people",222,2013-06-26 17:12:36
"243",2013-06-26,"17:12:37","people",223,2013-06-26 17:12:37
"244",2013-06-26,"17:12:55","people",224,2013-06-26 17:12:55
"245",2013-06-26,"17:14:42","people",225,2013-06-26 17:14:42
"246",2013-06-26,"17:15:02","people",226,2013-06-26 17:15:02
"247",2013-06-26,"17:16:22","movs",4,2013-06-26 17:16:22
"248",2013-06-26,"17:16:45","people",227,2013-06-26 17:16:45
"249",2013-06-26,"17:17:30","people",228,2013-06-26 17:17:30
"250",2013-06-26,"17:17:41","people",229,2013-06-26 17:17:41
"251",2013-06-26,"17:18:30","people",230,2013-06-26 17:18:30
"252",2013-06-26,"17:19:40","people",231,2013-06-26 17:19:40
"253",2013-06-26,"17:20:11","media",7,2013-06-26 17:20:11
"254",2013-06-26,"17:20:17","people",232,2013-06-26 17:20:17
"255",2013-06-26,"17:21:26","media",8,2013-06-26 17:21:26
"256",2013-06-26,"17:21:39","people",233,2013-06-26 17:21:39
"257",2013-06-26,"17:22:22","people",234,2013-06-26 17:22:22
"258",2013-06-26,"17:23:48","people",235,2013-06-26 17:23:48
"259",2013-06-26,"17:23:58","people",236,2013-06-26 17:23:58
"260",2013-06-26,"17:24:04","media",9,2013-06-26 17:24:04
"261",2013-06-26,"17:26:47","orgs",1,2013-06-26 17:26:47
"262",2013-06-26,"17:27:07","people",237,2013-06-26 17:27:07
"263",2013-06-26,"17:27:08","people",238,2013-06-26 17:27:08
"264",2013-06-26,"17:27:25","people",239,2013-06-26 17:27:25
"265",2013-06-26,"17:27:28","orgs",2,2013-06-26 17:27:28
"266",2013-06-26,"17:27:47","people",240,2013-06-26 17:27:47
"267",2013-06-26,"17:27:49","people",241,2013-06-26 17:27:49
"268",2013-06-26,"17:28:10","people",242,2013-06-26 17:28:10
"269",2013-06-26,"17:28:43","people",243,2013-06-26 17:28:43
"270",2013-06-26,"17:29:27","orgs",3,2013-06-26 17:29:27
"271",2013-06-26,"17:29:31","movs",5,2013-06-26 17:29:31
"272",2013-06-26,"17:29:38","people",244,2013-06-26 17:29:38
"273",2013-06-26,"17:30:37","people",245,2013-06-26 17:30:37
"274",2013-06-26,"17:30:52","media",10,2013-06-26 17:30:52
"275",2013-06-26,"17:31:15","people",246,2013-06-26 17:31:15
"276",2013-06-26,"17:31:20","people",247,2013-06-26 17:31:20
"277",2013-06-26,"17:31:53","people",248,2013-06-26 17:31:53
"278",2013-06-26,"17:32:53","media",11,2013-06-26 17:32:53
"279",2013-06-26,"17:33:25","people",249,2013-06-26 17:33:25
"280",2013-06-26,"17:34:07","people",250,2013-06-26 17:34:07
"281",2013-06-26,"17:34:34","people",251,2013-06-26 17:34:34
"282",2013-06-26,"17:35:00","people",252,2013-06-26 17:35:00
"283",2013-06-26,"17:35:14","people",253,2013-06-26 17:35:14
"284",2013-06-26,"17:36:31","people",254,2013-06-26 17:36:31
"285",2013-06-26,"17:36:40","people",255,2013-06-26 17:36:40
"286",2013-06-26,"17:38:04","people",256,2013-06-26 17:38:04
"287",2013-06-26,"17:38:37","people",257,2013-06-26 17:38:37
"288",2013-06-26,"17:38:46","people",258,2013-06-26 17:38:46
"289",2013-06-26,"17:39:28","orgs",4,2013-06-26 17:39:28
"290",2013-06-26,"17:40:37","people",259,2013-06-26 17:40:37
"291",2013-06-26,"17:41:13","people",260,2013-06-26 17:41:13
"292",2013-06-26,"17:43:00","people",261,2013-06-26 17:43:00
"293",2013-06-26,"17:45:11","media",12,2013-06-26 17:45:11
"294",2013-06-26,"17:46:05","people",262,2013-06-26 17:46:05
"295",2013-06-26,"17:46:23","movs",6,2013-06-26 17:46:23
"296",2013-06-26,"17:46:25","people",263,2013-06-26 17:46:25
"297",2013-06-26,"17:46:38","people",264,2013-06-26 17:46:38
"298",2013-06-26,"17:47:26","people",265,2013-06-26 17:47:26
"299",2013-06-26,"17:47:28","people",266,2013-06-26 17:47:28
"300",2013-06-26,"17:48:04","people",267,2013-06-26 17:48:04
"301",2013-06-26,"17:48:21","movs",7,2013-06-26 17:48:21
"302",2013-06-26,"17:48:36","people",268,2013-06-26 17:48:36
"303",2013-06-26,"17:49:33","orgs",5,2013-06-26 17:49:33
"304",2013-06-26,"17:49:39","media",13,2013-06-26 17:49:39
"305",2013-06-26,"17:50:08","people",269,2013-06-26 17:50:08
"306",2013-06-26,"17:50:10","people",270,2013-06-26 17:50:10
"307",2013-06-26,"17:50:18","people",271,2013-06-26 17:50:18
"308",2013-06-26,"17:50:20","people",272,2013-06-26 17:50:20
"309",2013-06-26,"17:50:25","people",273,2013-06-26 17:50:25
"310",2013-06-26,"17:50:30","people",274,2013-06-26 17:50:30
"311",2013-06-26,"17:50:50","people",275,2013-06-26 17:50:50
"312",2013-06-26,"17:50:54","people",276,2013-06-26 17:50:54
"313",2013-06-26,"17:51:15","media",14,2013-06-26 17:51:15
"314",2013-06-26,"17:51:27","people",277,2013-06-26 17:51:27
"315",2013-06-26,"17:51:31","people",278,2013-06-26 17:51:31
"316",2013-06-26,"17:51:32","people",279,2013-06-26 17:51:32
"317",2013-06-26,"17:51:37","people",280,2013-06-26 17:51:37
"318",2013-06-26,"17:51:49","people",281,2013-06-26 17:51:49
"319",2013-06-26,"17:51:53","people",282,2013-06-26 17:51:53
"320",2013-06-26,"17:52:29","people",283,2013-06-26 17:52:29
"321",2013-06-26,"17:52:37","people",284,2013-06-26 17:52:37
"322",2013-06-26,"17:53:24","people",285,2013-06-26 17:53:24
"323",2013-06-26,"17:53:27","people",286,2013-06-26 17:53:27
"324",2013-06-26,"17:54:00","people",287,2013-06-26 17:54:00
"325",2013-06-26,"17:57:45","people",288,2013-06-26 17:57:45
"326",2013-06-26,"17:58:21","people",289,2013-06-26 17:58:21
"327",2013-06-26,"18:00:18","people",290,2013-06-26 18:00:18
"328",2013-06-26,"18:01:52","people",291,2013-06-26 18:01:52
"329",2013-06-26,"18:02:21","people",292,2013-06-26 18:02:21
"330",2013-06-26,"18:03:12","people",293,2013-06-26 18:03:12
"331",2013-06-26,"18:03:31","people",294,2013-06-26 18:03:31
"332",2013-06-26,"18:03:32","people",295,2013-06-26 18:03:32
"333",2013-06-26,"18:04:07","people",296,2013-06-26 18:04:07
"334",2013-06-26,"18:04:18","movs",8,2013-06-26 18:04:18
"335",2013-06-26,"18:05:11","media",15,2013-06-26 18:05:11
"336",2013-06-26,"18:05:36","people",297,2013-06-26 18:05:36
"337",2013-06-26,"18:06:36","people",298,2013-06-26 18:06:36
"338",2013-06-26,"18:06:56","people",299,2013-06-26 18:06:56
"339",2013-06-26,"18:07:11","people",300,2013-06-26 18:07:11
"340",2013-06-26,"18:07:27","people",301,2013-06-26 18:07:27
"341",2013-06-26,"18:08:38","people",302,2013-06-26 18:08:38
"342",2013-06-26,"18:10:33","orgs",6,2013-06-26 18:10:33
"343",2013-06-26,"18:10:54","people",303,2013-06-26 18:10:54
"344",2013-06-26,"18:11:01","people",304,2013-06-26 18:11:01
"345",2013-06-26,"18:12:00","people",305,2013-06-26 18:12:00
"346",2013-06-26,"18:12:14","people",306,2013-06-26 18:12:14
"347",2013-06-26,"18:12:32","people",307,2013-06-26 18:12:32
"348",2013-06-26,"18:12:41","movs",9,2013-06-26 18:12:41
"349",2013-06-26,"18:13:15","people",308,2013-06-26 18:13:15
"350",2013-06-26,"18:13:48","media",16,2013-06-26 18:13:48
"351",2013-06-26,"18:14:09","people",309,2013-06-26 18:14:09
"352",2013-06-26,"18:14:24","people",310,2013-06-26 18:14:24
"353",2013-06-26,"18:15:15","people",311,2013-06-26 18:15:15
"354",2013-06-26,"18:16:04","people",312,2013-06-26 18:16:04
"355",2013-06-26,"18:16:06","people",313,2013-06-26 18:16:06
"356",2013-06-26,"18:16:14","people",314,2013-06-26 18:16:14
"357",2013-06-26,"18:16:21","people",315,2013-06-26 18:16:21
"358",2013-06-26,"18:17:01","people",316,2013-06-26 18:17:01
"359",2013-06-26,"18:18:02","media",17,2013-06-26 18:18:02
"360",2013-06-26,"18:18:18","orgs",7,2013-06-26 18:18:18
"361",2013-06-26,"18:18:41","people",317,2013-06-26 18:18:41
"362",2013-06-26,"18:18:57","people",318,2013-06-26 18:18:57
"363",2013-06-26,"18:19:41","people",319,2013-06-26 18:19:41
"364",2013-06-26,"18:20:09","orgs",8,2013-06-26 18:20:09
"365",2013-06-26,"18:20:25","people",320,2013-06-26 18:20:25
"366",2013-06-26,"18:20:37","people",321,2013-06-26 18:20:37
"367",2013-06-26,"18:20:55","people",322,2013-06-26 18:20:55
"368",2013-06-26,"18:22:12","people",323,2013-06-26 18:22:12
"369",2013-06-26,"18:22:39","people",324,2013-06-26 18:22:39
"370",2013-06-26,"18:22:55","people",325,2013-06-26 18:22:55
"371",2013-06-26,"18:23:48","people",326,2013-06-26 18:23:48
"372",2013-06-26,"18:23:53","people",327,2013-06-26 18:23:53
"373",2013-06-26,"18:26:35","people",328,2013-06-26 18:26:35
"374",2013-06-26,"18:28:04","orgs",9,2013-06-26 18:28:04
"375",2013-06-26,"18:28:04","people",329,2013-06-26 18:28:04
"376",2013-06-26,"18:29:18","people",330,2013-06-26 18:29:18
"377",2013-06-26,"18:29:42","orgs",10,2013-06-26 18:29:42
"378",2013-06-26,"18:29:58","people",331,2013-06-26 18:29:58
"379",2013-06-26,"18:29:58","people",332,2013-06-26 18:29:58
"380",2013-06-26,"18:29:59","people",333,2013-06-26 18:29:59
"381",2013-06-26,"18:30:33","people",334,2013-06-26 18:30:33
"382",2013-06-26,"18:30:53","people",335,2013-06-26 18:30:53
"383",2013-06-26,"18:31:04","people",336,2013-06-26 18:31:04
"384",2013-06-26,"18:31:20","media",18,2013-06-26 18:31:20
"385",2013-06-26,"18:32:48","orgs",11,2013-06-26 18:32:48
"386",2013-06-26,"18:33:33","people",337,2013-06-26 18:33:33
"387",2013-06-26,"18:33:33","people",338,2013-06-26 18:33:33
"388",2013-06-26,"18:33:35","people",339,2013-06-26 18:33:35
"389",2013-06-26,"18:33:55","people",340,2013-06-26 18:33:55
"390",2013-06-26,"18:34:11","people",341,2013-06-26 18:34:11
"391",2013-06-26,"18:34:17","media",19,2013-06-26 18:34:17
"392",2013-06-26,"18:34:51","people",342,2013-06-26 18:34:51
"393",2013-06-26,"18:34:55","people",343,2013-06-26 18:34:55
"394",2013-06-26,"18:35:12","people",344,2013-06-26 18:35:12
"395",2013-06-26,"18:35:24","movs",10,2013-06-26 18:35:24
"396",2013-06-26,"18:35:53","people",345,2013-06-26 18:35:53
"397",2013-06-26,"18:36:07","people",346,2013-06-26 18:36:07
"398",2013-06-26,"18:36:49","people",347,2013-06-26 18:36:49
"399",2013-06-26,"18:37:04","people",348,2013-06-26 18:37:04
"400",2013-06-26,"18:37:11","people",349,2013-06-26 18:37:11
"401",2013-06-26,"18:37:39","orgs",12,2013-06-26 18:37:39
"402",2013-06-26,"18:37:56","people",350,2013-06-26 18:37:56
"403",2013-06-26,"18:38:05","people",351,2013-06-26 18:38:05
"404",2013-06-26,"18:38:55","people",352,2013-06-26 18:38:55
"405",2013-06-26,"18:39:42","people",353,2013-06-26 18:39:42
"406",2013-06-26,"18:39:44","people",354,2013-06-26 18:39:44
"407",2013-06-26,"18:43:01","people",355,2013-06-26 18:43:01
"408",2013-06-26,"18:43:10","people",356,2013-06-26 18:43:10
"409",2013-06-26,"18:45:02","people",357,2013-06-26 18:45:02
"410",2013-06-26,"18:45:31","people",358,2013-06-26 18:45:31
"411",2013-06-26,"18:49:50","people",359,2013-06-26 18:49:50
"412",2013-06-26,"18:51:55","people",360,2013-06-26 18:51:55
"413",2013-06-26,"18:51:59","people",361,2013-06-26 18:51:59
"414",2013-06-26,"18:52:25","people",362,2013-06-26 18:52:25
"415",2013-06-26,"18:57:28","people",363,2013-06-26 18:57:28
"416",2013-06-26,"18:58:55","people",364,2013-06-26 18:58:55
"417",2013-06-26,"19:00:26","people",365,2013-06-26 19:00:26
"418",2013-06-26,"19:00:55","people",366,2013-06-26 19:00:55
"419",2013-06-26,"19:00:59","media",20,2013-06-26 19:00:59
"420",2013-06-26,"19:01:06","people",367,2013-06-26 19:01:06
"421",2013-06-26,"19:01:24","people",368,2013-06-26 19:01:24
"422",2013-06-26,"19:01:28","people",369,2013-06-26 19:01:28
"423",2013-06-26,"19:02:12","people",370,2013-06-26 19:02:12
"424",2013-06-26,"19:03:01","people",371,2013-06-26 19:03:01
"425",2013-06-26,"19:03:05","people",372,2013-06-26 19:03:05
"426",2013-06-26,"19:04:05","people",373,2013-06-26 19:04:05
"427",2013-06-26,"19:04:52","people",374,2013-06-26 19:04:52
"428",2013-06-26,"19:06:32","people",375,2013-06-26 19:06:32
"429",2013-06-26,"19:07:22","people",376,2013-06-26 19:07:22
"430",2013-06-26,"19:08:14","people",377,2013-06-26 19:08:14
"431",2013-06-26,"19:09:17","people",378,2013-06-26 19:09:17
"432",2013-06-26,"19:10:02","people",379,2013-06-26 19:10:02
"433",2013-06-26,"19:10:14","people",380,2013-06-26 19:10:14
"434",2013-06-26,"19:10:28","people",381,2013-06-26 19:10:28
"435",2013-06-26,"19:15:20","people",382,2013-06-26 19:15:20
"436",2013-06-26,"19:17:33","people",383,2013-06-26 19:17:33
"437",2013-06-26,"19:19:14","people",384,2013-06-26 19:19:14
"438",2013-06-26,"19:20:10","media",21,2013-06-26 19:20:10
"439",2013-06-26,"19:20:31","people",385,2013-06-26 19:20:31
"440",2013-06-26,"19:20:55","people",386,2013-06-26 19:20:55
"441",2013-06-26,"19:21:20","people",387,2013-06-26 19:21:20
"442",2013-06-26,"19:22:19","media",22,2013-06-26 19:22:19
"443",2013-06-26,"19:22:24","people",388,2013-06-26 19:22:24
"444",2013-06-26,"19:24:09","people",389,2013-06-26 19:24:09
"445",2013-06-26,"19:25:16","people",390,2013-06-26 19:25:16
"446",2013-06-26,"19:25:48","people",391,2013-06-26 19:25:48
"447",2013-06-26,"19:27:04","people",392,2013-06-26 19:27:04
"448",2013-06-26,"19:27:20","people",393,2013-06-26 19:27:20
"449",2013-06-26,"19:28:37","people",394,2013-06-26 19:28:37
"450",2013-06-26,"19:37:41","people",395,2013-06-26 19:37:41
"451",2013-06-26,"19:38:29","people",396,2013-06-26 19:38:29
"452",2013-06-26,"19:39:17","people",397,2013-06-26 19:39:17
"453",2013-06-26,"19:39:43","people",398,2013-06-26 19:39:43
"454",2013-06-26,"19:40:48","people",399,2013-06-26 19:40:48
"455",2013-06-26,"19:42:00","people",400,2013-06-26 19:42:00
"456",2013-06-26,"19:42:06","people",401,2013-06-26 19:42:06
"457",2013-06-26,"19:42:53","people",402,2013-06-26 19:42:53
"458",2013-06-26,"19:43:00","people",403,2013-06-26 19:43:00
"459",2013-06-26,"19:44:17","people",404,2013-06-26 19:44:17
"460",2013-06-26,"19:44:26","people",405,2013-06-26 19:44:26
"461",2013-06-26,"19:44:31","people",406,2013-06-26 19:44:31
"462",2013-06-26,"19:48:51","movs",11,2013-06-26 19:48:51
"463",2013-06-26,"19:49:06","people",407,2013-06-26 19:49:06
"464",2013-06-26,"19:49:52","people",408,2013-06-26 19:49:52
"465",2013-06-26,"19:55:00","people",409,2013-06-26 19:55:00
"466",2013-06-26,"19:55:35","people",410,2013-06-26 19:55:35
"467",2013-06-26,"19:59:51","people",411,2013-06-26 19:59:51
"468",2013-06-26,"20:09:13","people",412,2013-06-26 20:09:13
"469",2013-06-26,"20:16:53","people",413,2013-06-26 20:16:53
"470",2013-06-26,"20:22:09","people",414,2013-06-26 20:22:09
"471",2013-06-26,"20:29:11","people",415,2013-06-26 20:29:11
"472",2013-06-26,"20:45:00","people",416,2013-06-26 20:45:00
"473",2013-06-26,"20:48:40","people",417,2013-06-26 20:48:40
"474",2013-06-26,"20:53:53","people",418,2013-06-26 20:53:53
"475",2013-06-26,"20:57:49","people",419,2013-06-26 20:57:49
"476",2013-06-26,"20:59:52","people",420,2013-06-26 20:59:52
"477",2013-06-26,"21:01:37","people",421,2013-06-26 21:01:37
"478",2013-06-26,"21:37:25","people",422,2013-06-26 21:37:25
"479",2013-06-26,"22:52:19","people",423,2013-06-26 22:52:19
"480",2013-06-26,"23:19:30","people",424,2013-06-26 23:19:30
"481",2013-06-26,"23:20:56","people",425,2013-06-26 23:20:56
"482",2013-06-26,"23:22:08","people",426,2013-06-26 23:22:08
"483",2013-06-26,"23:24:40","people",427,2013-06-26 23:24:40
"484",2013-06-26,"23:24:51","people",428,2013-06-26 23:24:51
"485",2013-06-27,"00:56:11","people",429,2013-06-27 00:56:11
"486",2013-06-27,"01:20:21","people",430,2013-06-27 01:20:21
"487",2013-06-27,"01:42:16","people",431,2013-06-27 01:42:16
"488",2013-06-27,"01:49:28","people",432,2013-06-27 01:49:28
"489",2013-06-27,"01:51:56","people",433,2013-06-27 01:51:56
"490",2013-06-27,"15:52:56","people",434,2013-06-27 15:52:56
"491",2013-06-27,"15:53:46","people",435,2013-06-27 15:53:46
"492",2013-06-27,"16:26:55","people",436,2013-06-27 16:26:55
"493",2013-06-28,"15:36:22","people",437,2013-06-28 15:36:22
"494",2013-10-14,"13:06:47","people",438,2013-10-14 13:06:47
"495",2013-10-16,"21:43:51","people",439,2013-10-16 21:43:51
